{
    "timestamp": "2025-10-06T18:05:22.738269",
    "final_quality_accuracy": 0.9583333134651184,
    "final_risk_accuracy": 0.8645833134651184,
    "training_epochs": 22
}